title,my_score,weight,replayed,release_year,notes
Super Mario Bros.,10,1,1,,
Super Mario Bros. 2,8,1,1,,
Super Mario Bros. 3,10,5,1,,
Super Mario World,10,5,1,,
Super Mario 64,10,5,1,,
Super Mario Sunshine,9,5,1,,
Super Mario Galaxy,9,2,1,,"I think this game is good given that it is focused on motion controls. I tried the Switch version that includes pro controller support and it didn’t work for me. The motion controls make the most sense to play it, but I still don’t like it."
Super Mario Galaxy 2,9,2,1,,Same notes for Super Mario Galaxy
Super Mario 3D Land,8,3,0,,
Super Mario 3D World,8,3,0,,
Super Mario Odyssey,9,5,0,,
Super Mario Bros. Wonder,9,5,0,,
New Super Mario Bros.,7,4,0,,
New Super Mario Bros. Wii,7,4,0,,
New Super Mario Bros. U,8,4,0,,
Super Mario RPG,10,5,1,,
Paper Mario,10,5,1,,
Paper Mario: The Thousand-Year Door,10,5,1,,
Super Paper Mario,7,5,0,,This is when the Paper Mario series went off the cliff and got away from what made the first two games good.
Super Mario Kart,7,5,1,,
Mario Kart 64,9,5,1,,
Mario Kart: Double Dash!!,9,5,1,,
Mario Kart Wii,7,5,1,,
Mario Kart 8 Deluxe,10,5,1,,
Mario Kart World,9,5,1,,
The Legend of Zelda,10,1,1,,
Zelda II: The Adventure of Link,7,1,1,,
The Legend of Zelda: A Link to the Past,10,5,1,,
The Legend of Zelda: Link's Awakening,10,5,1,,"Consider the Switch version, not the Game Boy version"
The Legend of Zelda: Ocarina of Time,10,5,1,,
The Legend of Zelda: Majora's Mask,10,5,1,,
The Legend of Zelda: Oracle of Ages,9,5,1,,
The Legend of Zelda: Oracle of Seasons,9,5,1,,
The Legend of Zelda: The Wind Waker,10,5,1,,
The Legend of Zelda: The Minish Cap,9,5,1,,
The Legend of Zelda: Twilight Princess,10,5,1,,This is my favorite Zelda game of all time
The Legend of Zelda: Phantom Hourglass,7,5,1,,These games weren’t as good because of the DS touchscreen controls
The Legend of Zelda: Spirit Tracks,7,5,1,,Same as The Legend of Zelda: Phantom Hourglass
The Legend of Zelda: Skyward Sword,7,5,1,,"The Switch version motion controls plays better, but there’s still things about the game that make me not like it"
The Legend of Zelda: A Link Between Worlds,7,5,1,,
The Legend of Zelda: Breath of the Wild,9,5,1,,"What I love the most about Zelda games is the dungeon puzzles and as amazing as this game is, the dungeons are the weakest part."
The Legend of Zelda: Tears of the Kingdom,9,5,1,,Same as The Legend of Zelda: Breath of the Wild
Hyrule Warriors,7,5,0,,"Played these because they’re connected to Zelda, but as a spinoff of the Dynasty Warriors games, they’re not really my favorite."
Hyrule Warriors: Age of Calamity,7,5,0,,Same as Hyrule Warriors
Hyrule Warriors: Age of Imprisonment,7,5,0,,Same as Hyrule Warriors
Metroid,8,1,1,,
Super Metroid,9,5,1,,The game plays slower than I remember
Metroid Fusion,9,5,1,,
Metroid: Zero Mission,9,5,1,,
Metroid Prime,10,5,1,,"Consider the Switch Remaster version, not the GameCube version"
Metroid Prime 2: Echoes,10,5,1,,
Metroid Prime 3: Corruption,10,5,1,,
Metroid: Other M,8,5,1,,"This game is hated by the fanbase, but I actually like it despite it’s obvious flaws"
Metroid Dread,10,5,1,,
Donkey Kong Country,10,3,1,,
Donkey Kong Country 2: Diddy's Kong Quest,10,3,1,,
Donkey Kong Country 3: Dixie Kong's Double Trouble!,10,3,1,,
Donkey Kong 64,8,4,1,,
Donkey Kong Country Returns,9,5,0,,
Donkey Kong Country: Tropical Freeze,10,5,0,,
Donkey Kong Bananza,10,5,0,,
Pokemon Red/Blue/Yellow,10,3,1,,
Pokemon Gold/Silver/Crystal,8,3,1,,
Pokemon Ruby/Sapphire/Emerald,8,3,1,,
Pokemon FireRed/LeafGreen,9,3,1,,
Pokemon Diamond/Pearl/Platinum,9,3,1,,
Pokemon HeartGold/SoulSilver,10,3,1,,
Pokemon Black/White,10,5,1,,
Pokemon Black 2/White 2,10,5,1,,
Pokemon X/Y,7,5,1,,
Pokemon Omega Ruby/Alpha Sapphire,8,5,1,,
Pokemon Sun/Moon,8,5,1,,
Pokemon Ultra Sun/Ultra Moon,8,5,1,,
Pokemon Sword/Shield,10,5,1,,
Pokemon Brilliant Diamond/Shining Pearl,7,5,1,,
Pokemon Legends: Arceus,10,5,1,,
Pokemon Scarlet/Violet,9,5,1,,I enjoyed the games despite the technical issues. The Switch 2 update fixed a lot of those problems
Pokemon Legends: Z-A,9,5,1,,
Final Fantasy,6,1,0,,
Final Fantasy II,6,1,0,,
Final Fantasy III,6,1,0,,
Final Fantasy IV,8,1,0,,
Final Fantasy V,6,1,0,,
Final Fantasy VI,8,1,0,,
Final Fantasy VII,10,5,1,,
Final Fantasy VII Remake,10,5,0,,
Final Fantasy VII Rebirth,10,5,0,,
Final Fantasy VIII,6,5,1,,
Final Fantasy IX,6,5,0,,
Final Fantasy X,10,5,1,,
Final Fantasy X-2,10,5,1,,
Final Fantasy XIII,9,5,1,,
Final Fantasy XIII-2,9,5,1,,
Lightning Returns: Final Fantasy XIII,9,5,1,,
Final Fantasy XV,6,5,0,,The story and the characters killed this game for me
Sonic the Hedgehog,10,5,1,,
Sonic the Hedgehog 2,10,5,1,,
Sonic the Hedgehog 3,10,5,1,,
Sonic & Knuckles,10,5,1,,
Sonic CD,10,5,1,,
Sonic Adventure,10,5,1,,
Sonic Adventure 2,10,5,1,,
Sonic Heroes,7,5,1,,
Shadow the Hedgehog,6,5,1,,
Sonic the Hedgehog (2006),5,5,1,,
Sonic Unleashed,8,5,1,,
Sonic Colors,10,5,1,,
Sonic Generations,10,5,1,,
Sonic Mania,10,5,1,,
Sonic Forces,5,5,1,,
Sonic Superstars,7,5,1,,
Sonic x Shadow Generations,9,5,1,,I do not like how Shadow played in the Shadow part of it.
Kingdom Hearts,10,5,1,,
Kingdom Hearts: Chain of Memories,10,5,1,,"Consider the Re:CoM version, not the original GBA version"
Kingdom Hearts II,10,5,1,,
Kingdom Hearts 358/2 Days,8,5,1,,
Kingdom Hearts: Birth by Sleep,9,5,1,,
Kingdom Hearts: Dream Drop Distance,7,5,1,,
Kingdom Hearts III,8,5,0,,
Assassin's Creed,7,5,0,,
Assassin's Creed II,8,5,1,,
Assassin's Creed: Brotherhood,9,5,1,,
Assassin's Creed: Revelations,8,5,1,,
Assassin's Creed III,8,5,1,,I enjoyed the game despite all the technical issues
Assassin’s Creed Liberation,7,5,1,,
Assassin's Creed IV: Black Flag,10,5,1,,
Assassin's Creed: Rogue,6,5,1,,
Borderlands,8,5,1,,
Borderlands 2,10,5,1,,
Borderlands: The Pre-Sequel,10,5,1,,
Borderlands 3,8,5,1,,
Tales from the Borderlands,8,5,1,,
Metal Gear Solid,8,5,0,,
Metal Gear Solid 2: Sons of Liberty,7,5,0,,
Metal Gear Solid 3: Snake Eater,9,5,0,,
Metal Gear Solid 4: Guns of the Patriots,8,5,0,,
Pikmin,7,3,1,,
Pikmin 2,7,3,1,,
Pikmin 3,8,5,1,,
Pikmin 4,8,4,0,,
Batman: Arkham Asylum,8,5,0,,
Batman: Arkham City,9,5,0,,
Batman: Arkham Origins,8,5,0,,
Batman: Arkham Knight,7,5,0,,
BioShock,8,5,1,,
BioShock 2,8,5,1,,
BioShock Infinite,7,5,1,,
Brothers: A Tale of Two Sons,10,5,1,,
Chrono Trigger,10,5,1,,
Chrono Cross,10,5,1,,
Dave the Diver,10,5,0,,
Guacamelee!,10,5,1,,
Guacamelee! 2,10,5,1,,
Indiana Jones and the Great Circle,9,5,0,,
L.A. Noire,10,5,1,,
Luigi's Mansion,8,4,1,,
Luigi's Mansion 2 HD,7,5,0,,
Luigi's Mansion 3,9,5,0,,
Mega Man,9,5,1,,
Mega Man 2,9,5,1,,
Mega Man 3,9,5,1,,
Mega Man 4,10,5,1,,
Mega Man 5,10,5,1,,
Mega Man 6,9,5,1,,
Mega Man 7,7,5,1,,
Mega Man 8,6,5,1,,
Mega Man 9,10,5,1,,
Mega Man 10,10,5,1,,
Mega Man 11,10,5,1,,
Mega Man X,10,5,1,,
Mega Man X2,10,5,1,,
Mega Man X3,10,5,1,,
Mega Man X4,10,5,1,,
Mega Man X5,8,5,1,,
Mega Man X6,7,5,1,,
Mega Man X7,5,5,0,,
Mega Man X8,5,5,0,,
Mega Man Zero,8,5,0,,
Mega Man Zero 2,8,5,0,,
Mega Man Zero 3,8,5,0,,
Mega Man Zero 4,8,5,0,,
Mega Man ZX,10,5,0,,
Mega Man ZX Advent,10,5,0,,
Mega Man Legends,10,5,1,,
Mega Man Legends 2,10,5,1,,
Moonlighter,9,5,0,,
The World Ends with You,10,5,1,,
Octopath Traveler,8,5,0,,
Octopath Traveler II,8,5,0,,
Portal,9,5,1,,
Portal 2,10,5,1,,
Shovel Knight,9,5,1,,
Bastion,9,5,1,,
Transistor,9,5,1,,
Yooka-Replaylee,8,5,0,,
Costume Quest,8,5,0,,
Costume Quest 2,8,5,0,,
DuckTales Remastered,10,5,1,,
Evoland,7,5,1,,
Evoland 2,9,5,1,,
Papers Please,10,5,0,,
The Flame in the Flood,8,5,0,,
Cave Story+,8,5,0,,
Braid,7,5,0,,
Thomas Was Alone,8,5,0,,
Uncharted: Drake's Fortune,9,5,0,,
Uncharted 2: Among Thieves,9,5,0,,
Uncharted 3: Drake's Deception,9,5,0,,
The Last of Us,6,5,0,,
